{"miners":[{"address":"H3fsSec3yxrj792zHyEY8JoXZN4SUsQuh","hashrate":45.443442139820434,"nodeCount":1}],"minersCount":1,"poolHashrate":45.443442139820434}