{"miners":[{"address":"H3fsSec3yxrj792zHyEY8JoXZN4SUsQuh","hashrate":55.62642254487591,"nodeCount":1}],"minersCount":1,"poolHashrate":55.62642254487591}