{"minerGroups":[{"address":"H3fsSec3yxrj792zHyEY8JoXZN4SUsQuh","elapsed":0,"elapsedStr":"-","fee":70.79784420170452,"hashrate":0,"hashshare":2453.553233873702,"nodes":0,"reward":2382.755389671998}],"minersCount":0,"poolHashrate":0,"poolHashshare":2453.553233873702}