{"minerGroups":[{"address":"H3fsSec3yxrj792zHyEY8JoXZN4SUsQuh","elapsed":26760,"elapsedStr":"27s","fee":3.4057118341522274,"hashrate":29.38226710396848,"hashshare":117.8228910869136,"nodes":1,"reward":114.41717925276137,"_id":"5b6149d771d4e356a2a02b71"}],"minersCount":1,"poolHashrate":29.38226710396848,"poolHashshare":117.8228910869136}