{"minerGroups":[{"address":"H3fsSec3yxrj792zHyEY8JoXZN4SUsQuh","elapsed":155309,"elapsedStr":"2m 35s","fee":22.70235392477426,"hashrate":34.01419570209313,"hashshare":805.5922110083737,"nodes":1,"reward":782.8898570835994},{"address":"H2SN5XxvYBSH7ftT9MdrH6HLM1sKg6XTQ","elapsed":156070,"elapsedStr":"2m 36s","fee":16.487402832526826,"hashrate":24.707196395467147,"hashshare":585.1405322338485,"nodes":1,"reward":568.6531294013216}],"minersCount":2,"poolHashrate":58.72139209756028,"poolHashshare":1390.732743242222}