{"minerGroups":[{"address":"H4HBmorUaLXWahcbivgWXUdx8fSUnGpPr","alive":true,"hashrate":32.46683401192379,"hashshare":12796.638140467978,"nodes":1},{"address":"H3fsSec3yxrj792zHyEY8JoXZN4SUsQuh","alive":false,"hashrate":0,"hashshare":8325.420340896157,"nodes":0}],"minersCount":1,"poolHashrate":32.46683401192379,"poolHashshare":21122.058481364133}