{"minerGroups":[{"address":"H3fsSec3yxrj792zHyEY8JoXZN4SUsQuh","alive":true,"hashrate":32.09538301742418,"hashshare":1655.8714418090046,"nodes":1}],"minersCount":1,"poolHashrate":32.09538301742418,"poolHashshare":905.6117028367735}